{"K": [[425.94816593855325, 0.0, 326.19775849418636], [0.0, 426.9907592344821, 252.38355118632117], [0.0, 0.0, 1.0]], "D": [[-0.08399196296733011], [-0.05137245890847562], [0.10690882535163657], [-0.09365881661371024]]}
