{"cameraMatrix": [[3728.2991659551094, 0.0, 1872.3284532471455], [0.0, 3721.9776586153275, 1034.8519492770934], [0.0, 0.0, 1.0]], "distCoeff": [[0.6499784323577161, -1.9825615362052245, -0.012242730519828883, -0.00775191338311391, 6.952170409038095]]}